<?xml version="1.0" encoding="shift_jis"?>
<keyconfig>
	<key01>
		<id>44</id>
		<id>263</id>
		<id>553</id>
		<id>565</id>
	</key01>
	<key02>
		<id>31</id>
		<id>266</id>
		<id>554</id>
		<id>566</id>
	</key02>
	<key03>
		<id>45</id>
		<id>262</id>
		<id>555</id>
		<id>567</id>
	</key03>
	<key04>
		<id>32</id>
		<id>267</id>
		<id>556</id>
		<id>568</id>
	</key04>
	<key05>
		<id>46</id>
		<id>261</id>
		<id>557</id>
		<id>569</id>
	</key05>
	<key06>
		<id>33</id>
		<id>264</id>
		<id>558</id>
		<id>570</id>
	</key06>
	<key07>
		<id>47</id>
		<id>257</id>
		<id>559</id>
		<id>571</id>
	</key07>
	<key10>
		<id>29</id>
		<id>256</id>
		<id>548</id>
		<id>550</id>
		<id>560</id>
		<id>562</id>
		<id>768</id>
		<id>57</id>
	</key10>
	<key11>
		<id>42</id>
		<id>259</id>
		<id>552</id>
		<id>564</id>
		<id>769</id>
	</key11>
	<key12>
		<id>16</id>
		<id>268</id>
		<id>551</id>
		<id>563</id>
	</key12>
	<key13>
		<id>17</id>
		<id>269</id>
		<id>549</id>
		<id>561</id>
	</key13>
	<key21>
		<id>51</id>
		<id>295</id>
		<id>577</id>
		<id>589</id>
	</key21>
	<key22>
		<id>38</id>
		<id>298</id>
		<id>578</id>
		<id>590</id>
	</key22>
	<key23>
		<id>52</id>
		<id>294</id>
		<id>579</id>
		<id>591</id>
	</key23>
	<key24>
		<id>39</id>
		<id>299</id>
		<id>580</id>
		<id>592</id>
	</key24>
	<key25>
		<id>53</id>
		<id>293</id>
		<id>581</id>
		<id>593</id>
	</key25>
	<key26>
		<id>146</id>
		<id>296</id>
		<id>582</id>
		<id>594</id>
	</key26>
	<key27>
		<id>43</id>
		<id>289</id>
		<id>583</id>
		<id>595</id>
	</key27>
	<key30>
		<id>157</id>
		<id>288</id>
		<id>584</id>
		<id>596</id>
	</key30>
	<key31>
		<id>54</id>
		<id>291</id>
		<id>586</id>
		<id>588</id>
		<id>598</id>
		<id>601</id>
	</key31>
	<key32>
		<id>301</id>
		<id>585</id>
		<id>597</id>
		<id>24</id>
	</key32>
	<key33>
		<id>300</id>
		<id>587</id>
		<id>599</id>
		<id>25</id>
	</key33>
</keyconfig>
