<?xml version="1.0" encoding="utf-8"?>
<keyconfig>
	<key01>
		<id>44</id>
		<id>263</id>
		<id>555</id>
		<id>567</id>
	</key01>
	<key02>
		<id>31</id>
		<id>266</id>
		<id>556</id>
		<id>568</id>
	</key02>
	<key03>
		<id>45</id>
		<id>262</id>
		<id>557</id>
		<id>569</id>
	</key03>
	<key04>
		<id>32</id>
		<id>267</id>
		<id>558</id>
		<id>570</id>
	</key04>
	<key05>
		<id>46</id>
		<id>261</id>
		<id>559</id>
		<id>571</id>
	</key05>
	<key10>
		<id>29</id>
		<id>256</id>
		<id>57</id>
		<id>33</id>
		<id>560</id>
		<id>572</id>
		<id>768</id>
	</key10>
	<key11>
		<id>42</id>
		<id>259</id>
		<id>47</id>
		<id>562</id>
		<id>574</id>
		<id>564</id>
		<id>576</id>
		<id>769</id>
	</key11>
	<key12>
		<id>16</id>
		<id>561</id>
		<id>268</id>
		<id>573</id>
	</key12>
	<key13>
		<id>17</id>
		<id>269</id>
		<id>563</id>
		<id>575</id>
	</key13>
	<key21>
		<id>48</id>
		<id>295</id>
		<id>52</id>
		<id>579</id>
		<id>591</id>
	</key21>
	<key22>
		<id>39</id>
		<id>298</id>
		<id>35</id>
		<id>580</id>
		<id>592</id>
	</key22>
	<key23>
		<id>53</id>
		<id>294</id>
		<id>49</id>
		<id>581</id>
		<id>593</id>
	</key23>
	<key24>
		<id>146</id>
		<id>299</id>
		<id>36</id>
		<id>582</id>
		<id>594</id>
	</key24>
	<key25>
		<id>43</id>
		<id>293</id>
		<id>50</id>
		<id>583</id>
		<id>595</id>
	</key25>
	<key30>
		<id>157</id>
		<id>288</id>
		<id>37</id>
		<id>584</id>
		<id>596</id>
	</key30>
	<key31>
		<id>54</id>
		<id>291</id>
		<id>51</id>
		<id>586</id>
		<id>598</id>
		<id>600</id>
	</key31>
	<key32>
		<id>301</id>
		<id>24</id>
		<id>585</id>
		<id>597</id>
	</key32>
	<key33>
		<id>302</id>
		<id>25</id>
		<id>587</id>
		<id>599</id>
	</key33>
</keyconfig>
