<?xml version="1.0" encoding="utf-8"?>
<keyconfig>
	<key01><id>44</id><id>260</id><id>552</id><id>564</id></key01>
	<key02><id>31</id><id>263</id><id>553</id><id>565</id></key02>
	<key03><id>45</id><id>264</id><id>554</id><id>566</id></key03>
	<key04><id>32</id><id>262</id><id>555</id><id>567</id></key04>
	<key05><id>46</id><id>266</id><id>556</id><id>568</id></key05>
	<key06><id>33</id><id>261</id><id>557</id><id>569</id></key06>
	<key07><id>47</id><id>265</id><id>558</id><id>570</id></key07>
	<key08><id>34</id><id>256</id><id>559</id><id>571</id></key08>
	<key09><id>48</id><id>267</id><id>560</id><id>572</id></key09>


</keyconfig>



