<?xml version="1.0" encoding="shift_jis"?>
<midi>
	<control>
		<S01>0</S01>
		<S02>0</S02>
		<S03>0</S03>
		<S04>0</S04>
		<S05>0</S05>
		<S06>0</S06>
		<S07>0</S07>
		<S08>0</S08>
		<S09>0</S09>
		<S10>0</S10>
		<S11>0</S11>
		<S12>0</S12>
		<S13>0</S13>
		<S14>0</S14>
		<S15>0</S15>
		<S16>0</S16>
		<S17>74</S17>
		<S18>71</S18>
		<S19>76</S19>
		<S20>78</S20>
		<S21>0</S21>
		<S22>6</S22>
		<S23>10</S23>
		<S24>38</S24>
		<S25>0</S25>
		<S26>77</S26>
		<S27>0</S27>
		<S28>0</S28>
		<S29>0</S29>
		<S30>0</S30>
		<S31>0</S31>
		<S32>0</S32>
		<S33>0</S33>
		<S34>0</S34>
		<S35>0</S35>
		<S36>0</S36>
		<S37>0</S37>
		<S38>0</S38>
		<S39>0</S39>
	</control>
	<program>
	</program>
</midi>
